{
    "avg_ep_ret": -32.48928832608942,
    "avg_ep_len": 999.0,
    "timesteps": 4800
}
{
    "avg_ep_ret": -33.083117022340375,
    "avg_ep_len": 999.0,
    "timesteps": 9600
}
{
    "avg_ep_ret": -33.475836456593974,
    "avg_ep_len": 999.0,
    "timesteps": 14400
}
{
    "avg_ep_ret": -33.280649053614546,
    "avg_ep_len": 999.0,
    "timesteps": 19200
}
{
    "avg_ep_ret": -33.691411346227845,
    "avg_ep_len": 999.0,
    "timesteps": 24000
}
{
    "avg_ep_ret": -33.280332575795654,
    "avg_ep_len": 999.0,
    "timesteps": 28800
}
{
    "avg_ep_ret": -32.88845597631765,
    "avg_ep_len": 999.0,
    "timesteps": 33600
}
{
    "avg_ep_ret": -33.21801702129158,
    "avg_ep_len": 999.0,
    "timesteps": 38400
}
{
    "avg_ep_ret": -34.2793941732011,
    "avg_ep_len": 999.0,
    "timesteps": 43200
}
{
    "avg_ep_ret": -33.20862895384992,
    "avg_ep_len": 999.0,
    "timesteps": 48000
}
{
    "avg_ep_ret": -33.07563261658652,
    "avg_ep_len": 999.0,
    "timesteps": 52800
}
{
    "avg_ep_ret": -33.683589759099405,
    "avg_ep_len": 999.0,
    "timesteps": 57600
}
{
    "avg_ep_ret": -33.32936338184739,
    "avg_ep_len": 999.0,
    "timesteps": 62400
}
{
    "avg_ep_ret": -32.80972199618683,
    "avg_ep_len": 999.0,
    "timesteps": 67200
}
{
    "avg_ep_ret": -32.886778714928106,
    "avg_ep_len": 999.0,
    "timesteps": 72000
}
{
    "avg_ep_ret": -33.140027044055756,
    "avg_ep_len": 999.0,
    "timesteps": 76800
}
{
    "avg_ep_ret": -33.83948274907466,
    "avg_ep_len": 999.0,
    "timesteps": 81600
}
{
    "avg_ep_ret": -33.43380188349819,
    "avg_ep_len": 999.0,
    "timesteps": 86400
}
{
    "avg_ep_ret": -32.6752855766498,
    "avg_ep_len": 999.0,
    "timesteps": 91200
}
{
    "avg_ep_ret": -34.05207362479945,
    "avg_ep_len": 999.0,
    "timesteps": 96000
}
{
    "avg_ep_ret": -33.35193264616565,
    "avg_ep_len": 999.0,
    "timesteps": 100800
}
{
    "avg_ep_ret": -32.68162795506596,
    "avg_ep_len": 999.0,
    "timesteps": 105600
}
{
    "avg_ep_ret": -33.69643028545704,
    "avg_ep_len": 999.0,
    "timesteps": 110400
}
{
    "avg_ep_ret": -33.06373454723249,
    "avg_ep_len": 999.0,
    "timesteps": 115200
}
{
    "avg_ep_ret": -33.184831655775795,
    "avg_ep_len": 999.0,
    "timesteps": 120000
}
{
    "avg_ep_ret": -32.425577583051556,
    "avg_ep_len": 999.0,
    "timesteps": 124800
}
{
    "avg_ep_ret": -33.444709375312854,
    "avg_ep_len": 999.0,
    "timesteps": 129600
}
{
    "avg_ep_ret": -32.692971543359405,
    "avg_ep_len": 999.0,
    "timesteps": 134400
}
{
    "avg_ep_ret": -34.2070840667108,
    "avg_ep_len": 999.0,
    "timesteps": 139200
}
{
    "avg_ep_ret": -33.3133923832676,
    "avg_ep_len": 999.0,
    "timesteps": 144000
}
{
    "avg_ep_ret": -33.494587958396366,
    "avg_ep_len": 999.0,
    "timesteps": 148800
}
{
    "avg_ep_ret": -33.29573244949692,
    "avg_ep_len": 999.0,
    "timesteps": 153600
}
{
    "avg_ep_ret": -33.34397683054762,
    "avg_ep_len": 999.0,
    "timesteps": 158400
}
{
    "avg_ep_ret": -32.852753814532704,
    "avg_ep_len": 999.0,
    "timesteps": 163200
}
{
    "avg_ep_ret": -33.39123915839071,
    "avg_ep_len": 999.0,
    "timesteps": 168000
}
{
    "avg_ep_ret": -32.7755132794602,
    "avg_ep_len": 999.0,
    "timesteps": 172800
}
{
    "avg_ep_ret": -34.16764737298997,
    "avg_ep_len": 999.0,
    "timesteps": 177600
}
{
    "avg_ep_ret": -33.050839942470326,
    "avg_ep_len": 999.0,
    "timesteps": 182400
}
{
    "avg_ep_ret": -33.58747956065122,
    "avg_ep_len": 999.0,
    "timesteps": 187200
}
{
    "avg_ep_ret": -33.317080890411304,
    "avg_ep_len": 999.0,
    "timesteps": 192000
}
{
    "avg_ep_ret": -33.298123185814205,
    "avg_ep_len": 999.0,
    "timesteps": 196800
}
{
    "avg_ep_ret": -32.860712999008136,
    "avg_ep_len": 999.0,
    "timesteps": 201600
}
{
    "avg_ep_ret": -32.69512668980107,
    "avg_ep_len": 999.0,
    "timesteps": 206400
}
{
    "avg_ep_ret": -33.42376949903781,
    "avg_ep_len": 999.0,
    "timesteps": 211200
}
{
    "avg_ep_ret": -32.66310569080831,
    "avg_ep_len": 999.0,
    "timesteps": 216000
}
{
    "avg_ep_ret": -33.85203799742596,
    "avg_ep_len": 999.0,
    "timesteps": 220800
}
{
    "avg_ep_ret": -33.12484975877179,
    "avg_ep_len": 999.0,
    "timesteps": 225600
}
{
    "avg_ep_ret": -11.307522054723758,
    "avg_ep_len": 938.8,
    "timesteps": 230400
}
{
    "avg_ep_ret": -32.992056585520174,
    "avg_ep_len": 999.0,
    "timesteps": 235200
}
{
    "avg_ep_ret": -32.8925835062751,
    "avg_ep_len": 999.0,
    "timesteps": 240000
}
{
    "avg_ep_ret": -13.163277420745894,
    "avg_ep_len": 982.6,
    "timesteps": 244800
}
{
    "avg_ep_ret": -33.30299988484987,
    "avg_ep_len": 999.0,
    "timesteps": 249600
}
{
    "avg_ep_ret": -33.31652601118602,
    "avg_ep_len": 999.0,
    "timesteps": 254400
}
{
    "avg_ep_ret": -33.044436332274,
    "avg_ep_len": 999.0,
    "timesteps": 259200
}
{
    "avg_ep_ret": -32.04481685954553,
    "avg_ep_len": 999.0,
    "timesteps": 264000
}
{
    "avg_ep_ret": -33.794275916357044,
    "avg_ep_len": 999.0,
    "timesteps": 268800
}
{
    "avg_ep_ret": -33.50172412263018,
    "avg_ep_len": 999.0,
    "timesteps": 273600
}
{
    "avg_ep_ret": -33.002439958776755,
    "avg_ep_len": 999.0,
    "timesteps": 278400
}
{
    "avg_ep_ret": -33.253392139135656,
    "avg_ep_len": 999.0,
    "timesteps": 283200
}
{
    "avg_ep_ret": -33.484822624493326,
    "avg_ep_len": 999.0,
    "timesteps": 288000
}
{
    "avg_ep_ret": -33.66578628591604,
    "avg_ep_len": 999.0,
    "timesteps": 292800
}
{
    "avg_ep_ret": -33.84759472822824,
    "avg_ep_len": 999.0,
    "timesteps": 297600
}
{
    "avg_ep_ret": -32.213263869461834,
    "avg_ep_len": 999.0,
    "timesteps": 302400
}
{
    "avg_ep_ret": -32.153939685763,
    "avg_ep_len": 999.0,
    "timesteps": 307200
}
{
    "avg_ep_ret": -32.757783078970206,
    "avg_ep_len": 999.0,
    "timesteps": 312000
}
{
    "avg_ep_ret": -33.65459107870333,
    "avg_ep_len": 999.0,
    "timesteps": 316800
}
{
    "avg_ep_ret": -33.35708667281841,
    "avg_ep_len": 999.0,
    "timesteps": 321600
}
{
    "avg_ep_ret": -33.84101211343913,
    "avg_ep_len": 999.0,
    "timesteps": 326400
}
{
    "avg_ep_ret": -12.93926537954751,
    "avg_ep_len": 976.8,
    "timesteps": 331200
}
{
    "avg_ep_ret": -33.765178663271136,
    "avg_ep_len": 999.0,
    "timesteps": 336000
}
{
    "avg_ep_ret": -32.98826100513717,
    "avg_ep_len": 999.0,
    "timesteps": 340800
}
{
    "avg_ep_ret": -33.37823875470922,
    "avg_ep_len": 999.0,
    "timesteps": 345600
}
{
    "avg_ep_ret": -32.30864268275885,
    "avg_ep_len": 999.0,
    "timesteps": 350400
}
{
    "avg_ep_ret": -33.93146663636433,
    "avg_ep_len": 999.0,
    "timesteps": 355200
}
{
    "avg_ep_ret": -33.74076816572511,
    "avg_ep_len": 999.0,
    "timesteps": 360000
}
{
    "avg_ep_ret": -32.54927537400872,
    "avg_ep_len": 999.0,
    "timesteps": 364800
}
{
    "avg_ep_ret": -32.892702064797724,
    "avg_ep_len": 999.0,
    "timesteps": 369600
}
{
    "avg_ep_ret": -33.28041342186879,
    "avg_ep_len": 999.0,
    "timesteps": 374400
}
{
    "avg_ep_ret": -33.5325432770686,
    "avg_ep_len": 999.0,
    "timesteps": 379200
}
{
    "avg_ep_ret": -33.551748860182904,
    "avg_ep_len": 999.0,
    "timesteps": 384000
}
{
    "avg_ep_ret": -33.98643424542508,
    "avg_ep_len": 999.0,
    "timesteps": 388800
}
{
    "avg_ep_ret": -33.566197701133284,
    "avg_ep_len": 999.0,
    "timesteps": 393600
}
{
    "avg_ep_ret": -32.17069453904451,
    "avg_ep_len": 999.0,
    "timesteps": 398400
}
{
    "avg_ep_ret": -32.39993721513729,
    "avg_ep_len": 999.0,
    "timesteps": 403200
}
{
    "avg_ep_ret": -34.05832570356656,
    "avg_ep_len": 999.0,
    "timesteps": 408000
}
{
    "avg_ep_ret": -32.65119308648684,
    "avg_ep_len": 999.0,
    "timesteps": 412800
}
{
    "avg_ep_ret": -33.85399472667733,
    "avg_ep_len": 999.0,
    "timesteps": 417600
}
{
    "avg_ep_ret": -33.31327721737486,
    "avg_ep_len": 999.0,