{"avg_ep_ret": -50.18430623254639, "avg_ep_len": 999.0, "timesteps": 4800}
{"avg_ep_ret": -50.19695234912497, "avg_ep_len": 999.0, "timesteps": 9600}
{"avg_ep_ret": -49.882693962580866, "avg_ep_len": 999.0, "timesteps": 14400}
{"avg_ep_ret": -50.656401157015424, "avg_ep_len": 999.0, "timesteps": 19200}
{"avg_ep_ret": -30.794363238586392, "avg_ep_len": 997.4, "timesteps": 24000}
{"avg_ep_ret": -50.50898466833837, "avg_ep_len": 999.0, "timesteps": 28800}
{"avg_ep_ret": -50.45754823325193, "avg_ep_len": 999.0, "timesteps": 33600}
{"avg_ep_ret": -50.350733839384255, "avg_ep_len": 999.0, "timesteps": 38400}
{"avg_ep_ret": -50.313068198566405, "avg_ep_len": 999.0, "timesteps": 43200}
{"avg_ep_ret": -50.37603954955806, "avg_ep_len": 999.0, "timesteps": 48000}
{"avg_ep_ret": -49.993982568129695, "avg_ep_len": 999.0, "timesteps": 52800}
{"avg_ep_ret": -49.67686193760444, "avg_ep_len": 999.0, "timesteps": 57600}
{"avg_ep_ret": -50.388044475388, "avg_ep_len": 999.0, "timesteps": 62400}
{"avg_ep_ret": -50.71608721458255, "avg_ep_len": 999.0, "timesteps": 67200}
{"avg_ep_ret": -50.398180435156064, "avg_ep_len": 999.0, "timesteps": 72000}
{"avg_ep_ret": -49.779360042251554, "avg_ep_len": 999.0, "timesteps": 76800}
{"avg_ep_ret": -50.7606617727826, "avg_ep_len": 999.0, "timesteps": 81600}
{"avg_ep_ret": -50.331898271273815, "avg_ep_len": 999.0, "timesteps": 86400}
{"avg_ep_ret": -49.61906297852076, "avg_ep_len": 999.0, "timesteps": 91200}
{"avg_ep_ret": -49.58009974994789, "avg_ep_len": 999.0, "timesteps": 96000}
{"avg_ep_ret": -50.69026716835714, "avg_ep_len": 999.0, "timesteps": 100800}
{"avg_ep_ret": -50.69001382658279, "avg_ep_len": 999.0, "timesteps": 105600}
{"avg_ep_ret": -51.05249042431778, "avg_ep_len": 999.0, "timesteps": 110400}
{"avg_ep_ret": -50.37703807526987, "avg_ep_len": 999.0, "timesteps": 115200}
{"avg_ep_ret": -50.97127898956476, "avg_ep_len": 999.0, "timesteps": 120000}
{"avg_ep_ret": -50.94472401964114, "avg_ep_len": 999.0, "timesteps": 124800}
{"avg_ep_ret": -49.73030398690353, "avg_ep_len": 999.0, "timesteps": 129600}
{"avg_ep_ret": -50.39544571559804, "avg_ep_len": 999.0, "timesteps": 134400}
{"avg_ep_ret": -50.28656898573181, "avg_ep_len": 999.0, "timesteps": 139200}
{"avg_ep_ret": -50.70531916971868, "avg_ep_len": 999.0, "timesteps": 144000}
{"avg_ep_ret": -50.54612945457771, "avg_ep_len": 999.0, "timesteps": 148800}
{"avg_ep_ret": -50.3048201550346, "avg_ep_len": 999.0, "timesteps": 153600}
{"avg_ep_ret": -49.89876973267734, "avg_ep_len": 999.0, "timesteps": 158400}
{"avg_ep_ret": -50.39091739321072, "avg_ep_len": 999.0, "timesteps": 163200}
{"avg_ep_ret": -51.024494614022345, "avg_ep_len": 999.0, "timesteps": 168000}
{"avg_ep_ret": -51.15620461248672, "avg_ep_len": 999.0, "timesteps": 172800}
{"avg_ep_ret": -50.26768761495538, "avg_ep_len": 999.0, "timesteps": 177600}
{"avg_ep_ret": -49.33052012301813, "avg_ep_len": 999.0, "timesteps": 182400}
{"avg_ep_ret": -29.442285797187722, "avg_ep_len": 967.4, "timesteps": 187200}
{"avg_ep_ret": -50.26505223895921, "avg_ep_len": 999.0, "timesteps": 192000}
{"avg_ep_ret": -50.40961928279016, "avg_ep_len": 999.0, "timesteps": 196800}
{"avg_ep_ret": -50.01555029786796, "avg_ep_len": 999.0, "timesteps": 201600}
{"avg_ep_ret": -50.51854226362265, "avg_ep_len": 999.0, "timesteps": 206400}
{"avg_ep_ret": -50.395164013001214, "avg_ep_len": 999.0, "timesteps": 211200}
{"avg_ep_ret": -50.679086402863845, "avg_ep_len": 999.0, "timesteps": 216000}
{"avg_ep_ret": -50.23182979815472, "avg_ep_len": 999.0, "timesteps": 220800}
{"avg_ep_ret": -51.48127955929721, "avg_ep_len": 999.0, "timesteps": 225600}
{"avg_ep_ret": -50.40199987927531, "avg_ep_len": 999.0, "timesteps": 230400}
{"avg_ep_ret": -50.10603306560119, "avg_ep_len": 999.0, "timesteps": 235200}
{"avg_ep_ret": -50.601021949806864, "avg_ep_len": 999.0, "timesteps": 240000}
{"avg_ep_ret": -49.537429358790504, "avg_ep_len": 999.0, "timesteps": 244800}
{"avg_ep_ret": -50.35665003039217, "avg_ep_len": 999.0, "timesteps": 249600}
{"avg_ep_ret": -50.54360090415408, "avg_ep_len": 999.0, "timesteps": 254400}
{"avg_ep_ret": -50.200057936164214, "avg_ep_len": 999.0, "timesteps": 259200}
{"avg_ep_ret": -50.47460501371097, "avg_ep_len": 999.0, "timesteps": 264000}
{"avg_ep_ret": -50.125216991272296, "avg_ep_len": 999.0, "timesteps": 268800}
{"avg_ep_ret": -50.573907156581285, "avg_ep_len": 999.0, "timesteps": 273600}
{"avg_ep_ret": -50.30957131694514, "avg_ep_len": 999.0, "timesteps": 278400}
{"avg_ep_ret": -50.40302618172482, "avg_ep_len": 999.0, "timesteps": 283200}
{"avg_ep_ret": -50.01799709845438, "avg_ep_len": 999.0, "timesteps": 288000}
{"avg_ep_ret": -50.862836254845725, "avg_ep_len": 999.0, "timesteps": 292800}
{"avg_ep_ret": -50.44798477496451, "avg_ep_len": 999.0, "timesteps": 297600}
{"avg_ep_ret": -50.76779477606597, "avg_ep_len": 999.0, "timesteps": 302400}
{"avg_ep_ret": -50.64586751025201, "avg_ep_len": 999.0, "timesteps": 307200}
{"avg_ep_ret": -50.0401108183159, "avg_ep_len": 999.0, "timesteps": 312000}
{"avg_ep_ret": -50.25937935395815, "avg_ep_len": 999.0, "timesteps": 316800}
{"avg_ep_ret": -49.96676894025359, "avg_ep_len": 999.0, "timesteps": 321600}
{"avg_ep_ret": -50.363673590119205, "avg_ep_len": 999.0, "timesteps": 326400}
{"avg_ep_ret": -49.85755782140165, "avg_ep_len": 999.0, "timesteps": 331200}
{"avg_ep_ret": -50.26776248219754, "avg_ep_len": 999.0, "timesteps": 336000}
{"avg_ep_ret": -49.95463156898569, "avg_ep_len": 999.0, "timesteps": 340800}
{"avg_ep_ret": -50.45480780499937, "avg_ep_len": 999.0, "timesteps": 345600}
{"avg_ep_ret": -50.64866761291385, "avg_ep_len": 999.0, "timesteps": 350400}
{"avg_ep_ret": -50.35115517922211, "avg_ep_len": 999.0, "timesteps": 355200}
{"avg_ep_ret": -51.3644999822787, "avg_ep_len": 999.0, "timesteps": 360000}
{"avg_ep_ret": -50.199721056917134, "avg_ep_len": 999.0, "timesteps": 364800}
{"avg_ep_ret": -50.12599833880502, "avg_ep_len": 999.0, "timesteps": 369600}
{"avg_ep_ret": -50.222914256687524, "avg_ep_len": 999.0, "timesteps": 374400}
{"avg_ep_ret": -50.601100440358906, "avg_ep_len": 999.0, "timesteps": 379200}
{"avg_ep_ret": -50.42314716664946, "avg_ep_len": 999.0, "timesteps": 384000}
{"avg_ep_ret": -50.109594035682605, "avg_ep_len": 999.0, "timesteps": 388800}
{"avg_ep_ret": -51.213888444705944, "avg_ep_len": 999.0, "timesteps": 393600}
{"avg_ep_ret": -50.167678912743185, "avg_ep_len": 999.0, "timesteps": 398400}
{"avg_ep_ret": -50.42650153554983, "avg_ep_len": 999.0, "timesteps": 403200}
{"avg_ep_ret": -51.44583469964451, "avg_ep_len": 999.0, "timesteps": 408000}
{"avg_ep_ret": -50.938507313450344, "avg_ep_len": 999.0, "timesteps": 412800}
{"avg_ep_ret": -49.472740616477594, "avg_ep_len": 999.0, "timesteps": 417600}
{"avg_ep_ret": -51.292003314202276, "avg_ep_len": 999.0, "timesteps": 422400}
{"avg_ep_ret": -50.434369661845324, "avg_ep_len": 999.0, "timesteps": 427200}
{"avg_ep_ret": -50.83641483320763, "avg_ep_len": 999.0, "timesteps": 432000}
{"avg_ep_ret": -50.79610025926978, "avg_ep_len": 999.0, "timesteps": 436800}
{"avg_ep_ret": -50.526784145472114, "avg_ep_len": 999.0, "timesteps": 441600}
{"avg_ep_ret": -50.369633904891174, "avg_ep_len": 999.0, "timesteps": 446400}
{"avg_ep_ret": -50.62311099631232, "avg_ep_len": 999.0, "timesteps": 451200}
{"avg_ep_ret": -50.910103604357886, "avg_ep_len": 999.0, "timesteps": 456000}
{"avg_ep_ret": -50.485018448568425, "avg_ep_len": 999.0, "timesteps": 460800}
{"avg_ep_ret": -50.52131188526442, "avg_ep_len": 999.0, "timesteps": 465600}
{"avg_ep_ret": -49.49462531393649, "avg_ep_len": 999.0, "timesteps": 470400}
{"avg_ep_ret": -50.643999027960355, "avg_ep_len": 999.0, "timesteps": 475200}
{"avg_ep_ret": -51.14256140549649, "avg_ep_len": 999.0, "timesteps": 480000}
{"avg_ep_ret": -50.10144613964875, "avg_ep_len": 999.0, "timesteps": 484800}
{"avg_ep_ret": -50.05277981821737, "avg_ep_len": 999.0, "timesteps": 489600}
{"avg_ep_ret": -50.83934212674689, "avg_ep_len": 999.0, "timesteps": 494400}
{"avg_ep_ret": -50.35107101936394, "avg_ep_len": 999.0,