{"avg_ep_ret": -50.06284661119685, "avg_ep_len": 999.0, "timesteps": 4800}
{"avg_ep_ret": -50.40494114430943, "avg_ep_len": 999.0, "timesteps": 9600}
{"avg_ep_ret": -50.59992772685134, "avg_ep_len": 999.0, "timesteps": 14400}
{"avg_ep_ret": -50.11213506700272, "avg_ep_len": 999.0, "timesteps": 19200}
{"avg_ep_ret": -50.38243177182281, "avg_ep_len": 999.0, "timesteps": 24000}
{"avg_ep_ret": -49.70791752131279, "avg_ep_len": 999.0, "timesteps": 28800}
{"avg_ep_ret": -50.16764207018234, "avg_ep_len": 999.0, "timesteps": 33600}
{"avg_ep_ret": -50.84126066305275, "avg_ep_len": 999.0, "timesteps": 38400}
{"avg_ep_ret": -49.755726796860614, "avg_ep_len": 999.0, "timesteps": 43200}
{"avg_ep_ret": -49.71554264428147, "avg_ep_len": 999.0, "timesteps": 48000}
{"avg_ep_ret": -49.726773258453846, "avg_ep_len": 999.0, "timesteps": 52800}
{"avg_ep_ret": -49.429550837818454, "avg_ep_len": 999.0, "timesteps": 57600}
{"avg_ep_ret": -50.32617451375162, "avg_ep_len": 999.0, "timesteps": 62400}
{"avg_ep_ret": -51.072632380133584, "avg_ep_len": 999.0, "timesteps": 67200}
{"avg_ep_ret": -50.40444060034068, "avg_ep_len": 999.0, "timesteps": 72000}
{"avg_ep_ret": -49.92766931587967, "avg_ep_len": 999.0, "timesteps": 76800}
{"avg_ep_ret": -50.3095048901544, "avg_ep_len": 999.0, "timesteps": 81600}
{"avg_ep_ret": -50.82644804079173, "avg_ep_len": 999.0, "timesteps": 86400}
{"avg_ep_ret": -50.710264404373156, "avg_ep_len": 999.0, "timesteps": 91200}
{"avg_ep_ret": -50.41447185063243, "avg_ep_len": 999.0, "timesteps": 96000}
{"avg_ep_ret": -50.457129637311056, "avg_ep_len": 999.0, "timesteps": 100800}
{"avg_ep_ret": -50.29944555934871, "avg_ep_len": 999.0, "timesteps": 105600}
{"avg_ep_ret": -50.85243975129241, "avg_ep_len": 999.0, "timesteps": 110400}
{"avg_ep_ret": -50.04866685903661, "avg_ep_len": 999.0, "timesteps": 115200}
{"avg_ep_ret": -50.85542923454549, "avg_ep_len": 999.0, "timesteps": 120000}
{"avg_ep_ret": -50.6317654638711, "avg_ep_len": 999.0, "timesteps": 124800}
{"avg_ep_ret": -49.96770937802833, "avg_ep_len": 999.0, "timesteps": 129600}
{"avg_ep_ret": -50.69508052042596, "avg_ep_len": 999.0, "timesteps": 134400}
{"avg_ep_ret": -50.36274924185054, "avg_ep_len": 999.0, "timesteps": 139200}
{"avg_ep_ret": -50.33919975773581, "avg_ep_len": 999.0, "timesteps": 144000}
{"avg_ep_ret": -50.69522936954374, "avg_ep_len": 999.0, "timesteps": 148800}
{"avg_ep_ret": -50.11411176358249, "avg_ep_len": 999.0, "timesteps": 153600}
{"avg_ep_ret": -50.86688120500646, "avg_ep_len": 999.0, "timesteps": 158400}
{"avg_ep_ret": -50.359483543832035, "avg_ep_len": 999.0, "timesteps": 163200}
{"avg_ep_ret": -50.42611831488657, "avg_ep_len": 999.0, "timesteps": 168000}
{"avg_ep_ret": -51.204957134223974, "avg_ep_len": 999.0, "timesteps": 172800}
{"avg_ep_ret": -50.591871492717054, "avg_ep_len": 999.0, "timesteps": 177600}
{"avg_ep_ret": -50.81238037205573, "avg_ep_len": 999.0, "timesteps": 182400}
{"avg_ep_ret": -49.87547306319699, "avg_ep_len": 999.0, "timesteps": 187200}
{"avg_ep_ret": -49.46726654859154, "avg_ep_len": 999.0, "timesteps": 192000}
{"avg_ep_ret": -50.01655544483707, "avg_ep_len": 999.0, "timesteps": 196800}
{"avg_ep_ret": -50.76495152847456, "avg_ep_len": 999.0, "timesteps": 201600}
{"avg_ep_ret": -50.41500551264055, "avg_ep_len": 999.0, "timesteps": 206400}
{"avg_ep_ret": -50.147922871817634, "avg_ep_len": 999.0, "timesteps": 211200}
{"avg_ep_ret": -50.52543625966029, "avg_ep_len": 999.0, "timesteps": 216000}
{"avg_ep_ret": -50.53992096693121, "avg_ep_len": 999.0, "timesteps": 220800}
{"avg_ep_ret": -50.53386478135264, "avg_ep_len": 999.0, "timesteps": 225600}
{"avg_ep_ret": -51.068312311153306, "avg_ep_len": 999.0, "timesteps": 230400}
{"avg_ep_ret": -49.915397267422215, "avg_ep_len": 999.0, "timesteps": 235200}
{"avg_ep_ret": -50.2885748261312, "avg_ep_len": 999.0, "timesteps": 240000}
{"avg_ep_ret": -50.40675648097608, "avg_ep_len": 999.0, "timesteps": 244800}
{"avg_ep_ret": -51.186886740846205, "avg_ep_len": 999.0, "timesteps": 249600}
{"avg_ep_ret": -50.22390868704652, "avg_ep_len": 999.0, "timesteps": 254400}
{"avg_ep_ret": -50.165443140369476, "avg_ep_len": 999.0, "timesteps": 259200}
{"avg_ep_ret": -50.54204708852753, "avg_ep_len": 999.0, "timesteps": 264000}
{"avg_ep_ret": -49.540474893874844, "avg_ep_len": 999.0, "timesteps": 268800}
{"avg_ep_ret": -49.4780733180208, "avg_ep_len": 999.0, "timesteps": 273600}
{"avg_ep_ret": -49.879926199243194, "avg_ep_len": 999.0, "timesteps": 278400}
{"avg_ep_ret": -50.07244746312578, "avg_ep_len": 999.0, "timesteps": 283200}
{"avg_ep_ret": -50.77345425016484, "avg_ep_len": 999.0, "timesteps": 288000}
{"avg_ep_ret": -49.86801562904576, "avg_ep_len": 999.0, "timesteps": 292800}
{"avg_ep_ret": -50.20689892276525, "avg_ep_len": 999.0, "timesteps": 297600}
{"avg_ep_ret": -50.089529099698744, "avg_ep_len": 999.0, "timesteps": 302400}
{"avg_ep_ret": -50.501326714705854, "avg_ep_len": 999.0, "timesteps": 307200}
{"avg_ep_ret": -49.603811154273885, "avg_ep_len": 999.0, "timesteps": 312000}
{"avg_ep_ret": -50.157507977746015, "avg_ep_len": 999.0, "timesteps": 316800}
{"avg_ep_ret": -51.47704467110664, "avg_ep_len": 999.0, "timesteps": 321600}
{"avg_ep_ret": -50.17593581470302, "avg_ep_len": 999.0, "timesteps": 326400}
{"avg_ep_ret": -50.78547601201837, "avg_ep_len": 999.0, "timesteps": 331200}
{"avg_ep_ret": -49.885833198568754, "avg_ep_len": 999.0, "timesteps": 336000}
{"avg_ep_ret": -49.83722618411453, "avg_ep_len": 999.0, "timesteps": 340800}
{"avg_ep_ret": -49.97931604017095, "avg_ep_len": 999.0, "timesteps": 345600}
{"avg_ep_ret": -49.62895952341735, "avg_ep_len": 999.0, "timesteps": 350400}
{"avg_ep_ret": -50.04058064302666, "avg_ep_len": 999.0, "timesteps": 355200}
{"avg_ep_ret": -49.384014300574464, "avg_ep_len": 999.0, "timesteps": 360000}
{"avg_ep_ret": -50.165492242795345, "avg_ep_len": 999.0, "timesteps": 364800}
{"avg_ep_ret": -49.769917813469824, "avg_ep_len": 999.0, "timesteps": 369600}
{"avg_ep_ret": -50.61831247719689, "avg_ep_len": 999.0, "timesteps": 374400}
{"avg_ep_ret": -49.91227691269481, "avg_ep_len": 999.0, "timesteps": 379200}
{"avg_ep_ret": -49.48932150981254, "avg_ep_len": 999.0, "timesteps": 384000}
{"avg_ep_ret": -51.267212487873294, "avg_ep_len": 999.0, "timesteps": 388800}
{"avg_ep_ret": -51.325224154108966, "avg_ep_len": 999.0, "timesteps": 393600}
{"avg_ep_ret": -49.449563421232945, "avg_ep_len": 999.0, "timesteps": 398400}
{"avg_ep_ret": -50.76393627701734, "avg_ep_len": 999.0, "timesteps": 403200}
{"avg_ep_ret": -49.93589382248235, "avg_ep_len": 999.0, "timesteps": 408000}
{"avg_ep_ret": -50.85312320368826, "avg_ep_len": 999.0, "timesteps": 412800}
{"avg_ep_ret": -50.27345067486996, "avg_ep_len": 999.0, "timesteps": 417600}
{"avg_ep_ret": -49.92283556975417, "avg_ep_len": 999.0, "timesteps": 422400}
{"avg_ep_ret": -50.383377867273325, "avg_ep_len": 999.0, "timesteps": 427200}
{"avg_ep_ret": -50.11993164624533, "avg_ep_len": 999.0, "timesteps": 432000}
{"avg_ep_ret": -50.32552897002212, "avg_ep_len": 999.0, "timesteps": 436800}
{"avg_ep_ret": -50.08491392801552, "avg_ep_len": 999.0, "timesteps": 441600}
{"avg_ep_ret": -50.37422157187174, "avg_ep_len": 999.0, "timesteps": 446400}
{"avg_ep_ret": -50.45279437803972, "avg_ep_len": 999.0, "timesteps": 451200}
{"avg_ep_ret": -50.38113335591552, "avg_ep_len": 999.0, "timesteps": 456000}
{"avg_ep_ret": -50.89572999562368, "avg_ep_len": 999.0, "timesteps": 460800}
{"avg_ep_ret": -50.42374210438246, "avg_ep_len": 999.0, "timesteps": 465600}
{"avg_ep_ret": -50.52799226031403, "avg_ep_len": 999.0, "timesteps": 470400}
{"avg_ep_ret": -50.2942184311593, "avg_ep_len": 999.0, "timesteps": 475200}
{"avg_ep_ret": -50.35290552924174, "avg_ep_len": 999.0, "timesteps": 480000}
{"avg_ep_ret": -50.41156013454058, "avg_ep_len": 999.0, "timesteps": 484800}
{"avg_ep_ret": -50.08675289729617, "avg_ep_len": 999.0, "timesteps": 489600}
{"avg_ep_ret": -51.275025619387684, "avg_ep_len": 999.0, "timesteps": 494400}
{"avg_ep_ret": -50.29663200425902, "avg_ep_len": 999.0,