{
    "avg_ep_ret": -1139.6698859170824,
    "avg_ep_len": 200.0,
    "timesteps": 4800
}
{
    "avg_ep_ret": -1215.6611853599643,
    "avg_ep_len": 200.0,
    "timesteps": 9600
}
{
    "avg_ep_ret": -1191.2194427814036,
    "avg_ep_len": 200.0,
    "timesteps": 14400
}
{
    "avg_ep_ret": -1209.493137118161,
    "avg_ep_len": 200.0,
    "timesteps": 19200
}
{
    "avg_ep_ret": -1292.5969477489537,
    "avg_ep_len": 200.0,
    "timesteps": 24000
}
{
    "avg_ep_ret": -1266.4466492059673,
    "avg_ep_len": 200.0,
    "timesteps": 28800
}
{
    "avg_ep_ret": -1241.1644391624939,
    "avg_ep_len": 200.0,
    "timesteps": 33600
}
{
    "avg_ep_ret": -1163.6372498220496,
    "avg_ep_len": 200.0,
    "timesteps": 38400
}
{
    "avg_ep_ret": -1142.5434661290005,
    "avg_ep_len": 200.0,
    "timesteps": 43200
}
{
    "avg_ep_ret": -1247.1393576604212,
    "avg_ep_len": 200.0,
    "timesteps": 48000
}
{
    "avg_ep_ret": -1139.0976108866175,
    "avg_ep_len": 200.0,
    "timesteps": 52800
}
{
    "avg_ep_ret": -1234.9703957904587,
    "avg_ep_len": 200.0,
    "timesteps": 57600
}
{
    "avg_ep_ret": -1234.229928479632,
    "avg_ep_len": 200.0,
    "timesteps": 62400
}
{
    "avg_ep_ret": -1211.4895412964077,
    "avg_ep_len": 200.0,
    "timesteps": 67200
}
{
    "avg_ep_ret": -1235.7821861264576,
    "avg_ep_len": 200.0,
    "timesteps": 72000
}
{
    "avg_ep_ret": -1240.2657413926381,
    "avg_ep_len": 200.0,
    "timesteps": 76800
}
{
    "avg_ep_ret": -1258.4503040211996,
    "avg_ep_len": 200.0,
    "timesteps": 81600
}
{
    "avg_ep_ret": -1173.1665861978845,
    "avg_ep_len": 200.0,
    "timesteps": 86400
}
{
    "avg_ep_ret": -1293.6897047950135,
    "avg_ep_len": 200.0,
    "timesteps": 91200
}
{
    "avg_ep_ret": -1173.1550284600653,
    "avg_ep_len": 200.0,
    "timesteps": 96000
}
{
    "avg_ep_ret": -1182.1937210003316,
    "avg_ep_len": 200.0,
    "timesteps": 100800
}
{
    "avg_ep_ret": -1237.5946020373276,
    "avg_ep_len": 200.0,
    "timesteps": 105600
}
{
    "avg_ep_ret": -1169.8993529904167,
    "avg_ep_len": 200.0,
    "timesteps": 110400
}
{
    "avg_ep_ret": -1190.0852808199377,
    "avg_ep_len": 200.0,
    "timesteps": 115200
}
{
    "avg_ep_ret": -1193.5389354309748,
    "avg_ep_len": 200.0,
    "timesteps": 120000
}
{
    "avg_ep_ret": -1226.1236493180006,
    "avg_ep_len": 200.0,
    "timesteps": 124800
}
{
    "avg_ep_ret": -1171.246098777391,
    "avg_ep_len": 200.0,
    "timesteps": 129600
}
{
    "avg_ep_ret": -1238.2193351717344,
    "avg_ep_len": 200.0,
    "timesteps": 134400
}
{
    "avg_ep_ret": -1167.5025914967011,
    "avg_ep_len": 200.0,
    "timesteps": 139200
}
{
    "avg_ep_ret": -1242.3648400774994,
    "avg_ep_len": 200.0,
    "timesteps": 144000
}
{
    "avg_ep_ret": -1253.003970358507,
    "avg_ep_len": 200.0,
    "timesteps": 148800
}
{
    "avg_ep_ret": -1326.0182872551004,
    "avg_ep_len": 200.0,
    "timesteps": 153600
}
{
    "avg_ep_ret": -1212.0741735816634,
    "avg_ep_len": 200.0,
    "timesteps": 158400
}
{
    "avg_ep_ret": -1265.771686835936,
    "avg_ep_len": 200.0,
    "timesteps": 163200
}
{
    "avg_ep_ret": -1176.3405154186087,
    "avg_ep_len": 200.0,
    "timesteps": 168000
}
{
    "avg_ep_ret": -1158.5624028076588,
    "avg_ep_len": 200.0,
    "timesteps": 172800
}
{
    "avg_ep_ret": -1115.311865155555,
    "avg_ep_len": 200.0,
    "timesteps": 177600
}
{
    "avg_ep_ret": -1370.6535920608615,
    "avg_ep_len": 200.0,
    "timesteps": 182400
}
{
    "avg_ep_ret": -1244.4662186425546,
    "avg_ep_len": 200.0,
    "timesteps": 187200
}
{
    "avg_ep_ret": -1177.3074687723868,
    "avg_ep_len": 200.0,
    "timesteps": 192000
}
{
    "avg_ep_ret": -1180.6317651009008,
    "avg_ep_len": 200.0,
    "timesteps": 196800
}
{
    "avg_ep_ret": -1114.9728078149835,
    "avg_ep_len": 200.0,
    "timesteps": 201600
}
{
    "avg_ep_ret": -1160.3566925831594,
    "avg_ep_len": 200.0,
    "timesteps": 206400
}
{
    "avg_ep_ret": -1182.2392614750381,
    "avg_ep_len": 200.0,
    "timesteps": 211200
}
{
    "avg_ep_ret": -1169.1569407127129,
    "avg_ep_len": 200.0,
    "timesteps": 216000
}
{
    "avg_ep_ret": -1348.4485586176686,
    "avg_ep_len": 200.0,
    "timesteps": 220800
}
{
    "avg_ep_ret": -1269.9344321820674,
    "avg_ep_len": 200.0,
    "timesteps": 225600
}
{
    "avg_ep_ret": -1197.5949939323962,
    "avg_ep_len": 200.0,
    "timesteps": 230400
}
{
    "avg_ep_ret": -1257.4450137095585,
    "avg_ep_len": 200.0,
    "timesteps": 235200
}
{
    "avg_ep_ret": -1170.8494733684963,
    "avg_ep_len": 200.0,
    "timesteps": 240000
}
{
    "avg_ep_ret": -1263.9615818486388,
    "avg_ep_len": 200.0,
    "timesteps": 244800
}
{
    "avg_ep_ret": -1098.0962369744045,
    "avg_ep_len": 200.0,
    "timesteps": 249600
}
{
    "avg_ep_ret": -1331.4632429557257,
    "avg_ep_len": 200.0,
    "timesteps": 254400
}
{
    "avg_ep_ret": -1282.5964008229635,
    "avg_ep_len": 200.0,
    "timesteps": 259200
}
{
    "avg_ep_ret": -1215.544131395218,
    "avg_ep_len": 200.0,
    "timesteps": 264000
}
{
    "avg_ep_ret": -1280.1820269778846,
    "avg_ep_len": 200.0,
    "timesteps": 268800
}
{
    "avg_ep_ret": -1216.421929432132,
    "avg_ep_len": 200.0,
    "timesteps": 273600
}
{
    "avg_ep_ret": -1297.119893502622,
    "avg_ep_len": 200.0,
    "timesteps": 278400
}
{
    "avg_ep_ret": -1151.4206944792888,
    "avg_ep_len": 200.0,
    "timesteps": 283200
}
{
    "avg_ep_ret": -1265.6915194592182,
    "avg_ep_len": 200.0,
    "timesteps": 288000
}
{
    "avg_ep_ret": -1121.5981629264388,
    "avg_ep_len": 200.0,
    "timesteps": 292800
}
{
    "avg_ep_ret": -1359.2972727891313,
    "avg_ep_len": 200.0,
    "timesteps": 297600
}
{
    "avg_ep_ret": -1382.6468946856112,
    "avg_ep_len": 200.0,
    "timesteps": 302400
}
{
    "avg_ep_ret": -1229.725354267732,
    "avg_ep_len": 200.0,
    "timesteps": 307200
}
{
    "avg_ep_ret": -1265.4047436339922,
    "avg_ep_len": 200.0,
    "timesteps": 312000
}
{
    "avg_ep_ret": -1109.6005922670715,
    "avg_ep_len": 200.0,
    "timesteps": 316800
}
{
    "avg_ep_ret": -1184.246161351537,
    "avg_ep_len": 200.0,
    "timesteps": 321600
}
{
    "avg_ep_ret": -1259.1603511081987,
    "avg_ep_len": 200.0,
    "timesteps": 326400
}
{
    "avg_ep_ret": -1281.7654712963426,
    "avg_ep_len": 200.0,
    "timesteps": 331200
}
{
    "avg_ep_ret": -1125.406083791595,
    "avg_ep_len": 200.0,
    "timesteps": 336000
}
{
    "avg_ep_ret": -1233.9775663583603,
    "avg_ep_len": 200.0,
    "timesteps": 340800
}
{
    "avg_ep_ret": -1257.5584763892955,
    "avg_ep_len": 200.0,
    "timesteps": 345600
}
{
    "avg_ep_ret": -1212.8844955514244,
    "avg_ep_len": 200.0,
    "timesteps": 350400
}
{
    "avg_ep_ret": -1209.0085680982654,
    "avg_ep_len": 200.0,
    "timesteps": 355200
}
{
    "avg_ep_ret": -1244.5686296315087,
    "avg_ep_len": 200.0,
    "timesteps": 360000
}
{
    "avg_ep_ret": -1173.270496472295,
    "avg_ep_len": 200.0,
    "timesteps": 364800
}
{
    "avg_ep_ret": -1296.7265812492585,
    "avg_ep_len": 200.0,
    "timesteps": 369600
}
{
    "avg_ep_ret": -1145.168890657799,
    "avg_ep_len": 200.0,
    "timesteps": 374400
}
{
    "avg_ep_ret": -1283.210650136333,
    "avg_ep_len": 200.0,
    "timesteps": 379200
}
{
    "avg_ep_ret": -1180.7150318120327,
    "avg_ep_len": 200.0,
    "timesteps": 384000
}
{
    "avg_ep_ret": -1196.0622808056687,
    "avg_ep_len": 200.0,
    "timesteps": 388800
}
{
    "avg_ep_ret": -1211.3879211810054,
    "avg_ep_len": 200.0,
    "timesteps": 393600
}
{
    "avg_ep_ret": -1234.1821740422126,
    "avg_ep_len": 200.0,
    "timesteps": 398400
}
{
    "avg_ep_ret": -1182.514950648307,
    "avg_ep_len": 200.0,
    "timesteps": 403200
}
{
    "avg_ep_ret": -1264.482606102219,
    "avg_ep_len": 200.0,
    "timesteps": 408000
}
{
    "avg_ep_ret": -1189.6827588546364,
    "avg_ep_len": 200.0,
    "timesteps": 412800
}
{
    "avg_ep_ret": -1235.009085690927,
    "avg_ep_len": 200.0,