{
    "avg_ep_ret": -1297.5130625433003,
    "avg_ep_len": 200.0,
    "timesteps": 4800
}
{
    "avg_ep_ret": -1243.0486687936182,
    "avg_ep_len": 200.0,
    "timesteps": 9600
}
{
    "avg_ep_ret": -1273.6551064724497,
    "avg_ep_len": 200.0,
    "timesteps": 14400
}
{
    "avg_ep_ret": -1213.914288471229,
    "avg_ep_len": 200.0,
    "timesteps": 19200
}
{
    "avg_ep_ret": -1143.5290671718924,
    "avg_ep_len": 200.0,
    "timesteps": 24000
}
{
    "avg_ep_ret": -1290.2312022154958,
    "avg_ep_len": 200.0,
    "timesteps": 28800
}
{
    "avg_ep_ret": -1207.3857165967036,
    "avg_ep_len": 200.0,
    "timesteps": 33600
}
{
    "avg_ep_ret": -1238.1116303277054,
    "avg_ep_len": 200.0,
    "timesteps": 38400
}
{
    "avg_ep_ret": -1202.6379036408134,
    "avg_ep_len": 200.0,
    "timesteps": 43200
}
{
    "avg_ep_ret": -1172.5700526350347,
    "avg_ep_len": 200.0,
    "timesteps": 48000
}
{
    "avg_ep_ret": -1225.9711643907642,
    "avg_ep_len": 200.0,
    "timesteps": 52800
}
{
    "avg_ep_ret": -1112.1259803070086,
    "avg_ep_len": 200.0,
    "timesteps": 57600
}
{
    "avg_ep_ret": -1267.900212623569,
    "avg_ep_len": 200.0,
    "timesteps": 62400
}
{
    "avg_ep_ret": -1220.2164745446366,
    "avg_ep_len": 200.0,
    "timesteps": 67200
}
{
    "avg_ep_ret": -1232.3979548783493,
    "avg_ep_len": 200.0,
    "timesteps": 72000
}
{
    "avg_ep_ret": -1203.7619402178477,
    "avg_ep_len": 200.0,
    "timesteps": 76800
}
{
    "avg_ep_ret": -1247.5480687566917,
    "avg_ep_len": 200.0,
    "timesteps": 81600
}
{
    "avg_ep_ret": -1137.0452830647048,
    "avg_ep_len": 200.0,
    "timesteps": 86400
}
{
    "avg_ep_ret": -1211.137301920899,
    "avg_ep_len": 200.0,
    "timesteps": 91200
}
{
    "avg_ep_ret": -1247.300884170074,
    "avg_ep_len": 200.0,
    "timesteps": 96000
}
{
    "avg_ep_ret": -1249.7052060296155,
    "avg_ep_len": 200.0,
    "timesteps": 100800
}
{
    "avg_ep_ret": -1222.063058481535,
    "avg_ep_len": 200.0,
    "timesteps": 105600
}
{
    "avg_ep_ret": -1239.7464984844482,
    "avg_ep_len": 200.0,
    "timesteps": 110400
}
{
    "avg_ep_ret": -1207.3945892240963,
    "avg_ep_len": 200.0,
    "timesteps": 115200
}
{
    "avg_ep_ret": -1170.8096688061062,
    "avg_ep_len": 200.0,
    "timesteps": 120000
}
{
    "avg_ep_ret": -1273.691531409773,
    "avg_ep_len": 200.0,
    "timesteps": 124800
}
{
    "avg_ep_ret": -1183.7925055523774,
    "avg_ep_len": 200.0,
    "timesteps": 129600
}
{
    "avg_ep_ret": -1187.2396338725887,
    "avg_ep_len": 200.0,
    "timesteps": 134400
}
{
    "avg_ep_ret": -1252.8558589379763,
    "avg_ep_len": 200.0,
    "timesteps": 139200
}
{
    "avg_ep_ret": -1205.7627326640202,
    "avg_ep_len": 200.0,
    "timesteps": 144000
}
{
    "avg_ep_ret": -1172.6487207865162,
    "avg_ep_len": 200.0,
    "timesteps": 148800
}
{
    "avg_ep_ret": -1137.0778873831623,
    "avg_ep_len": 200.0,
    "timesteps": 153600
}
{
    "avg_ep_ret": -1179.4085536210675,
    "avg_ep_len": 200.0,
    "timesteps": 158400
}
{
    "avg_ep_ret": -1263.6074058175516,
    "avg_ep_len": 200.0,
    "timesteps": 163200
}
{
    "avg_ep_ret": -1336.8381948808262,
    "avg_ep_len": 200.0,
    "timesteps": 168000
}
{
    "avg_ep_ret": -1220.7223898964576,
    "avg_ep_len": 200.0,
    "timesteps": 172800
}
{
    "avg_ep_ret": -1286.000755438961,
    "avg_ep_len": 200.0,
    "timesteps": 177600
}
{
    "avg_ep_ret": -1243.710526874097,
    "avg_ep_len": 200.0,
    "timesteps": 182400
}
{
    "avg_ep_ret": -1184.622789480212,
    "avg_ep_len": 200.0,
    "timesteps": 187200
}
{
    "avg_ep_ret": -1278.8524924378519,
    "avg_ep_len": 200.0,
    "timesteps": 192000
}
{
    "avg_ep_ret": -1305.9327417419279,
    "avg_ep_len": 200.0,
    "timesteps": 196800
}
{
    "avg_ep_ret": -1291.3412969492713,
    "avg_ep_len": 200.0,
    "timesteps": 201600
}
{
    "avg_ep_ret": -1214.6205020780224,
    "avg_ep_len": 200.0,
    "timesteps": 206400
}
{
    "avg_ep_ret": -1187.3220767334415,
    "avg_ep_len": 200.0,
    "timesteps": 211200
}
{
    "avg_ep_ret": -1274.070688532114,
    "avg_ep_len": 200.0,
    "timesteps": 216000
}
{
    "avg_ep_ret": -1261.9817293976914,
    "avg_ep_len": 200.0,
    "timesteps": 220800
}
{
    "avg_ep_ret": -1279.8136455975634,
    "avg_ep_len": 200.0,
    "timesteps": 225600
}
{
    "avg_ep_ret": -1208.9333573871893,
    "avg_ep_len": 200.0,
    "timesteps": 230400
}
{
    "avg_ep_ret": -1201.7614761435755,
    "avg_ep_len": 200.0,
    "timesteps": 235200
}
{
    "avg_ep_ret": -1160.8659585078951,
    "avg_ep_len": 200.0,
    "timesteps": 240000
}
{
    "avg_ep_ret": -1214.4355436459518,
    "avg_ep_len": 200.0,
    "timesteps": 244800
}
{
    "avg_ep_ret": -1225.7719191975432,
    "avg_ep_len": 200.0,
    "timesteps": 249600
}
{
    "avg_ep_ret": -1209.3508587240467,
    "avg_ep_len": 200.0,
    "timesteps": 254400
}
{
    "avg_ep_ret": -1226.8673017834071,
    "avg_ep_len": 200.0,
    "timesteps": 259200
}
{
    "avg_ep_ret": -1201.3992767114194,
    "avg_ep_len": 200.0,
    "timesteps": 264000
}
{
    "avg_ep_ret": -1224.952827504096,
    "avg_ep_len": 200.0,
    "timesteps": 268800
}
{
    "avg_ep_ret": -1199.6507768028046,
    "avg_ep_len": 200.0,
    "timesteps": 273600
}
{
    "avg_ep_ret": -1341.863377725776,
    "avg_ep_len": 200.0,
    "timesteps": 278400
}
{
    "avg_ep_ret": -1300.703966451778,
    "avg_ep_len": 200.0,
    "timesteps": 283200
}
{
    "avg_ep_ret": -1229.300453422683,
    "avg_ep_len": 200.0,
    "timesteps": 288000
}
{
    "avg_ep_ret": -1285.1166749379424,
    "avg_ep_len": 200.0,
    "timesteps": 292800
}
{
    "avg_ep_ret": -1269.4979078133533,
    "avg_ep_len": 200.0,
    "timesteps": 297600
}
{
    "avg_ep_ret": -1185.0105536697863,
    "avg_ep_len": 200.0,
    "timesteps": 302400
}
{
    "avg_ep_ret": -1213.1416794612967,
    "avg_ep_len": 200.0,
    "timesteps": 307200
}
{
    "avg_ep_ret": -1228.4714704740234,
    "avg_ep_len": 200.0,
    "timesteps": 312000
}
{
    "avg_ep_ret": -1309.4759232317435,
    "avg_ep_len": 200.0,
    "timesteps": 316800
}
{
    "avg_ep_ret": -1249.3887897765164,
    "avg_ep_len": 200.0,
    "timesteps": 321600
}
{
    "avg_ep_ret": -1336.124523751322,
    "avg_ep_len": 200.0,
    "timesteps": 326400
}
{
    "avg_ep_ret": -1251.367107194549,
    "avg_ep_len": 200.0,
    "timesteps": 331200
}
{
    "avg_ep_ret": -1258.4541117757055,
    "avg_ep_len": 200.0,
    "timesteps": 336000
}
{
    "avg_ep_ret": -1226.0753544851377,
    "avg_ep_len": 200.0,
    "timesteps": 340800
}
{
    "avg_ep_ret": -1173.843680024325,
    "avg_ep_len": 200.0,
    "timesteps": 345600
}
{
    "avg_ep_ret": -1267.6359926472735,
    "avg_ep_len": 200.0,
    "timesteps": 350400
}
{
    "avg_ep_ret": -1241.912417233434,
    "avg_ep_len": 200.0,
    "timesteps": 355200
}
{
    "avg_ep_ret": -1234.7492690917682,
    "avg_ep_len": 200.0,
    "timesteps": 360000
}
{
    "avg_ep_ret": -1185.9583347476803,
    "avg_ep_len": 200.0,
    "timesteps": 364800
}
{
    "avg_ep_ret": -1165.5079861744955,
    "avg_ep_len": 200.0,
    "timesteps": 369600
}
{
    "avg_ep_ret": -1232.8758599110488,
    "avg_ep_len": 200.0,
    "timesteps": 374400
}
{
    "avg_ep_ret": -1242.0467749797683,
    "avg_ep_len": 200.0,
    "timesteps": 379200
}
{
    "avg_ep_ret": -1218.6097463464278,
    "avg_ep_len": 200.0,
    "timesteps": 384000
}
{
    "avg_ep_ret": -1235.819916905857,
    "avg_ep_len": 200.0,
    "timesteps": 388800
}
{
    "avg_ep_ret": -1245.6575592472836,
    "avg_ep_len": 200.0,
    "timesteps": 393600
}
{
    "avg_ep_ret": -1187.08746791281,
    "avg_ep_len": 200.0,
    "timesteps": 398400
}
{
    "avg_ep_ret": -1189.7697848882783,
    "avg_ep_len": 200.0,
    "timesteps": 403200
}
{
    "avg_ep_ret": -1303.7969448944032,
    "avg_ep_len": 200.0,
    "timesteps": 408000
}
{
    "avg_ep_ret": -1274.4518615594989,
    "avg_ep_len": 200.0,
    "timesteps": 412800
}
{
    "avg_ep_ret": -1184.165310136357,
    "avg_ep_len": 200.0,
    "timesteps": 417600
}
{
    "avg_ep_ret": -1186.7029728028338,