{
    "avg_ep_ret": -1174.6867626955482,
    "avg_ep_len": 200.0,
    "timesteps": 4800
}
{
    "avg_ep_ret": -1182.6468451006667,
    "avg_ep_len": 200.0,
    "timesteps": 9600
}
{
    "avg_ep_ret": -1229.3800845111923,
    "avg_ep_len": 200.0,
    "timesteps": 14400
}
{
    "avg_ep_ret": -1175.9440272745367,
    "avg_ep_len": 200.0,
    "timesteps": 19200
}
{
    "avg_ep_ret": -1324.9733561420433,
    "avg_ep_len": 200.0,
    "timesteps": 24000
}
{
    "avg_ep_ret": -1283.3604310079088,
    "avg_ep_len": 200.0,
    "timesteps": 28800
}
{
    "avg_ep_ret": -1197.2885405112752,
    "avg_ep_len": 200.0,
    "timesteps": 33600
}
{
    "avg_ep_ret": -1228.9728204746068,
    "avg_ep_len": 200.0,
    "timesteps": 38400
}
{
    "avg_ep_ret": -1307.4616412983098,
    "avg_ep_len": 200.0,
    "timesteps": 43200
}
{
    "avg_ep_ret": -1311.3959382444143,
    "avg_ep_len": 200.0,
    "timesteps": 48000
}
{
    "avg_ep_ret": -1216.7507967142744,
    "avg_ep_len": 200.0,
    "timesteps": 52800
}
{
    "avg_ep_ret": -1203.8744737619302,
    "avg_ep_len": 200.0,
    "timesteps": 57600
}
{
    "avg_ep_ret": -1350.8880197853618,
    "avg_ep_len": 200.0,
    "timesteps": 62400
}
{
    "avg_ep_ret": -1287.7645496689954,
    "avg_ep_len": 200.0,
    "timesteps": 67200
}
{
    "avg_ep_ret": -1291.6629847113713,
    "avg_ep_len": 200.0,
    "timesteps": 72000
}
{
    "avg_ep_ret": -1316.78038553426,
    "avg_ep_len": 200.0,
    "timesteps": 76800
}
{
    "avg_ep_ret": -1300.11152304933,
    "avg_ep_len": 200.0,
    "timesteps": 81600
}
{
    "avg_ep_ret": -1207.8061068665563,
    "avg_ep_len": 200.0,
    "timesteps": 86400
}
{
    "avg_ep_ret": -1288.22337776377,
    "avg_ep_len": 200.0,
    "timesteps": 91200
}
{
    "avg_ep_ret": -1265.8896241961397,
    "avg_ep_len": 200.0,
    "timesteps": 96000
}
{
    "avg_ep_ret": -1296.4481205611883,
    "avg_ep_len": 200.0,
    "timesteps": 100800
}
{
    "avg_ep_ret": -1211.6241784591523,
    "avg_ep_len": 200.0,
    "timesteps": 105600
}
{
    "avg_ep_ret": -1261.737531880289,
    "avg_ep_len": 200.0,
    "timesteps": 110400
}
{
    "avg_ep_ret": -1282.367010440939,
    "avg_ep_len": 200.0,
    "timesteps": 115200
}
{
    "avg_ep_ret": -1211.6851738956173,
    "avg_ep_len": 200.0,
    "timesteps": 120000
}
{
    "avg_ep_ret": -1179.8240545316503,
    "avg_ep_len": 200.0,
    "timesteps": 124800
}
{
    "avg_ep_ret": -1227.1543771452182,
    "avg_ep_len": 200.0,
    "timesteps": 129600
}
{
    "avg_ep_ret": -1194.464057836097,
    "avg_ep_len": 200.0,
    "timesteps": 134400
}
{
    "avg_ep_ret": -1234.4959555848989,
    "avg_ep_len": 200.0,
    "timesteps": 139200
}
{
    "avg_ep_ret": -1260.3405850895688,
    "avg_ep_len": 200.0,
    "timesteps": 144000
}
{
    "avg_ep_ret": -1209.3759025420159,
    "avg_ep_len": 200.0,
    "timesteps": 148800
}
{
    "avg_ep_ret": -1253.1354961255104,
    "avg_ep_len": 200.0,
    "timesteps": 153600
}
{
    "avg_ep_ret": -1227.7776302583036,
    "avg_ep_len": 200.0,
    "timesteps": 158400
}
{
    "avg_ep_ret": -1281.157405277737,
    "avg_ep_len": 200.0,
    "timesteps": 163200
}
{
    "avg_ep_ret": -1278.0498239258375,
    "avg_ep_len": 200.0,
    "timesteps": 168000
}
{
    "avg_ep_ret": -1243.391574963063,
    "avg_ep_len": 200.0,
    "timesteps": 172800
}
{
    "avg_ep_ret": -1248.4360202359046,
    "avg_ep_len": 200.0,
    "timesteps": 177600
}
{
    "avg_ep_ret": -1154.50233787286,
    "avg_ep_len": 200.0,
    "timesteps": 182400
}
{
    "avg_ep_ret": -1223.1546024554843,
    "avg_ep_len": 200.0,
    "timesteps": 187200
}
{
    "avg_ep_ret": -1175.8024493834098,
    "avg_ep_len": 200.0,
    "timesteps": 192000
}
{
    "avg_ep_ret": -1212.1670675627195,
    "avg_ep_len": 200.0,
    "timesteps": 196800
}
{
    "avg_ep_ret": -1241.6193957774406,
    "avg_ep_len": 200.0,
    "timesteps": 201600
}
{
    "avg_ep_ret": -1271.4044195992276,
    "avg_ep_len": 200.0,
    "timesteps": 206400
}
{
    "avg_ep_ret": -1174.133309398717,
    "avg_ep_len": 200.0,
    "timesteps": 211200
}
{
    "avg_ep_ret": -1199.3758379872402,
    "avg_ep_len": 200.0,
    "timesteps": 216000
}
{
    "avg_ep_ret": -1163.0633540564356,
    "avg_ep_len": 200.0,
    "timesteps": 220800
}
{
    "avg_ep_ret": -1276.3676143887976,
    "avg_ep_len": 200.0,
    "timesteps": 225600
}
{
    "avg_ep_ret": -1232.97031947533,
    "avg_ep_len": 200.0,
    "timesteps": 230400
}
{
    "avg_ep_ret": -1179.772108492334,
    "avg_ep_len": 200.0,
    "timesteps": 235200
}
{
    "avg_ep_ret": -1187.704901144549,
    "avg_ep_len": 200.0,
    "timesteps": 240000
}
{
    "avg_ep_ret": -1161.465811216368,
    "avg_ep_len": 200.0,
    "timesteps": 244800
}
{
    "avg_ep_ret": -1227.028445347874,
    "avg_ep_len": 200.0,
    "timesteps": 249600
}
{
    "avg_ep_ret": -1320.900410604528,
    "avg_ep_len": 200.0,
    "timesteps": 254400
}
{
    "avg_ep_ret": -1230.9216657346315,
    "avg_ep_len": 200.0,
    "timesteps": 259200
}
{
    "avg_ep_ret": -1197.0772406038107,
    "avg_ep_len": 200.0,
    "timesteps": 264000
}
{
    "avg_ep_ret": -1116.7573672623435,
    "avg_ep_len": 200.0,
    "timesteps": 268800
}
{
    "avg_ep_ret": -1253.3447103056335,
    "avg_ep_len": 200.0,
    "timesteps": 273600
}
{
    "avg_ep_ret": -1241.4019430203807,
    "avg_ep_len": 200.0,
    "timesteps": 278400
}
{
    "avg_ep_ret": -1319.2354779252407,
    "avg_ep_len": 200.0,
    "timesteps": 283200
}
{
    "avg_ep_ret": -1164.1945944435345,
    "avg_ep_len": 200.0,
    "timesteps": 288000
}
{
    "avg_ep_ret": -1288.7372564386767,
    "avg_ep_len": 200.0,
    "timesteps": 292800
}
{
    "avg_ep_ret": -1160.0424489216684,
    "avg_ep_len": 200.0,
    "timesteps": 297600
}
{
    "avg_ep_ret": -1231.9145136835496,
    "avg_ep_len": 200.0,
    "timesteps": 302400
}
{
    "avg_ep_ret": -1179.2953837129073,
    "avg_ep_len": 200.0,
    "timesteps": 307200
}
{
    "avg_ep_ret": -1186.190100082593,
    "avg_ep_len": 200.0,
    "timesteps": 312000
}
{
    "avg_ep_ret": -1320.682405270708,
    "avg_ep_len": 200.0,
    "timesteps": 316800
}
{
    "avg_ep_ret": -1352.0556977963922,
    "avg_ep_len": 200.0,
    "timesteps": 321600
}
{
    "avg_ep_ret": -1304.0818770424555,
    "avg_ep_len": 200.0,
    "timesteps": 326400
}
{
    "avg_ep_ret": -1190.7368352801082,
    "avg_ep_len": 200.0,
    "timesteps": 331200
}
{
    "avg_ep_ret": -1179.9335110024872,
    "avg_ep_len": 200.0,
    "timesteps": 336000
}
{
    "avg_ep_ret": -1221.8182377848927,
    "avg_ep_len": 200.0,
    "timesteps": 340800
}
{
    "avg_ep_ret": -1281.450334623816,
    "avg_ep_len": 200.0,
    "timesteps": 345600
}
{
    "avg_ep_ret": -1194.3189224610844,
    "avg_ep_len": 200.0,
    "timesteps": 350400
}
{
    "avg_ep_ret": -1208.3047255780314,
    "avg_ep_len": 200.0,
    "timesteps": 355200
}
{
    "avg_ep_ret": -1206.0287549517445,
    "avg_ep_len": 200.0,
    "timesteps": 360000
}
{
    "avg_ep_ret": -1189.8492013980606,
    "avg_ep_len": 200.0,
    "timesteps": 364800
}
{
    "avg_ep_ret": -1161.5789544124598,
    "avg_ep_len": 200.0,
    "timesteps": 369600
}
{
    "avg_ep_ret": -1335.5137861740443,
    "avg_ep_len": 200.0,
    "timesteps": 374400
}
{
    "avg_ep_ret": -1276.2123650615347,
    "avg_ep_len": 200.0,
    "timesteps": 379200
}
{
    "avg_ep_ret": -1160.1457829829499,
    "avg_ep_len": 200.0,
    "timesteps": 384000
}
{
    "avg_ep_ret": -1253.0314114095054,
    "avg_ep_len": 200.0,
    "timesteps": 388800
}
{
    "avg_ep_ret": -1165.2357888002705,
    "avg_ep_len": 200.0,
    "timesteps": 393600
}
{
    "avg_ep_ret": -1226.4315407413799,
    "avg_ep_len": 200.0,
    "timesteps": 398400
}
{
    "avg_ep_ret": -1212.3881129878262,
    "avg_ep_len": 200.0,
    "timesteps": 403200
}
{
    "avg_ep_ret": -1194.7628898543287,
    "avg_ep_len": 200.0,
    "timesteps": 408000
}
{
    "avg_ep_ret": -1251.9549982334358,
    "avg_ep_len": 200.0,
    "timesteps": 412800
}
{
    "avg_ep_ret": -1204.6834912482498,
    "avg_ep_len": 200.0,
    "timesteps": 417600
}
{
    "avg_ep_ret": -1274.2330659328281,